"filename", "language", "TypeScript", "JavaScript", "TypeScript React", "CSS", "JSON", "Properties", "XML", "Markdown", "Ignore", "Docker", "HTML", "comment", "blank", "total"
"/Users/katanyoo/Infiltech/Projects/CargoLink/CargoLink-Backoffice/.commitlintrc.json", "JSON", 0, 0, 0, 0, 5, 0, 0, 0, 0, 0, 0, 0, 0, 5
"/Users/katanyoo/Infiltech/Projects/CargoLink/CargoLink-Backoffice/.dockerignore", "Ignore", 0, 0, 0, 0, 0, 0, 0, 0, 35, 0, 0, 21, 21, 77
"/Users/katanyoo/Infiltech/Projects/CargoLink/CargoLink-Backoffice/.eslintrc.js", "JavaScript", 0, 29, 0, 0, 0, 0, 0, 0, 0, 0, 0, 0, 1, 30
"/Users/katanyoo/Infiltech/Projects/CargoLink/CargoLink-Backoffice/.prettierrc.js", "JavaScript", 0, 7, 0, 0, 0, 0, 0, 0, 0, 0, 0, 0, 1, 8
"/Users/katanyoo/Infiltech/Projects/CargoLink/CargoLink-Backoffice/.versionrc.json", "JSON", 0, 0, 0, 0, 39, 0, 0, 0, 0, 0, 0, 0, 0, 39
"/Users/katanyoo/Infiltech/Projects/CargoLink/CargoLink-Backoffice/Dockerfile", "Docker", 0, 0, 0, 0, 0, 0, 0, 0, 0, 13, 0, 0, 5, 18
"/Users/katanyoo/Infiltech/Projects/CargoLink/CargoLink-Backoffice/README.md", "Markdown", 0, 0, 0, 0, 0, 0, 0, 20, 0, 0, 0, 0, 16, 36
"/Users/katanyoo/Infiltech/Projects/CargoLink/CargoLink-Backoffice/cypress.json", "JSON", 0, 0, 0, 0, 11, 0, 0, 0, 0, 0, 0, 0, 1, 12
"/Users/katanyoo/Infiltech/Projects/CargoLink/CargoLink-Backoffice/cypress/fixtures/example.json", "JSON", 0, 0, 0, 0, 5, 0, 0, 0, 0, 0, 0, 0, 1, 6
"/Users/katanyoo/Infiltech/Projects/CargoLink/CargoLink-Backoffice/cypress/integration/Carrier.spec.js", "JavaScript", 0, 47, 0, 0, 0, 0, 0, 0, 0, 0, 0, 1, 3, 51
"/Users/katanyoo/Infiltech/Projects/CargoLink/CargoLink-Backoffice/cypress/integration/Management.spec.js", "JavaScript", 0, 40, 0, 0, 0, 0, 0, 0, 0, 0, 0, 3, 3, 46
"/Users/katanyoo/Infiltech/Projects/CargoLink/CargoLink-Backoffice/cypress/integration/addJob.spec.js", "JavaScript", 0, 24, 0, 0, 0, 0, 0, 0, 0, 0, 0, 1, 3, 28
"/Users/katanyoo/Infiltech/Projects/CargoLink/CargoLink-Backoffice/cypress/integration/addTruck.spec.js", "JavaScript", 0, 21, 0, 0, 0, 0, 0, 0, 0, 0, 0, 54, 6, 81
"/Users/katanyoo/Infiltech/Projects/CargoLink/CargoLink-Backoffice/cypress/integration/driver.spec.js", "JavaScript", 0, 50, 0, 0, 0, 0, 0, 0, 0, 0, 0, 3, 3, 56
"/Users/katanyoo/Infiltech/Projects/CargoLink/CargoLink-Backoffice/cypress/integration/jobs.spec.js", "JavaScript", 0, 31, 0, 0, 0, 0, 0, 0, 0, 0, 0, 3, 3, 37
"/Users/katanyoo/Infiltech/Projects/CargoLink/CargoLink-Backoffice/cypress/integration/login.spec.js", "JavaScript", 0, 80, 0, 0, 0, 0, 0, 0, 0, 0, 0, 1, 8, 89
"/Users/katanyoo/Infiltech/Projects/CargoLink/CargoLink-Backoffice/cypress/integration/shipper.spec.js", "JavaScript", 0, 42, 0, 0, 0, 0, 0, 0, 0, 0, 0, 3, 3, 48
"/Users/katanyoo/Infiltech/Projects/CargoLink/CargoLink-Backoffice/cypress/integration/translation.spec.js", "JavaScript", 0, 23, 0, 0, 0, 0, 0, 0, 0, 0, 0, 1, 3, 27
"/Users/katanyoo/Infiltech/Projects/CargoLink/CargoLink-Backoffice/cypress/integration/trucks.spec.js", "JavaScript", 0, 47, 0, 0, 0, 0, 0, 0, 0, 0, 0, 1, 3, 51
"/Users/katanyoo/Infiltech/Projects/CargoLink/CargoLink-Backoffice/cypress/plugins/index.js", "JavaScript", 0, 2, 0, 0, 0, 0, 0, 0, 0, 0, 0, 17, 3, 22
"/Users/katanyoo/Infiltech/Projects/CargoLink/CargoLink-Backoffice/cypress/report/mochawesome-report/assets/app.css", "CSS", 0, 0, 0, 13, 0, 0, 0, 0, 0, 0, 0, 1, 1, 15
"/Users/katanyoo/Infiltech/Projects/CargoLink/CargoLink-Backoffice/cypress/report/mochawesome-report/assets/app.js", "JavaScript", 0, 20375, 0, 0, 0, 0, 0, 0, 0, 0, 0, 9, 6, 20390
"/Users/katanyoo/Infiltech/Projects/CargoLink/CargoLink-Backoffice/cypress/report/mochawesome-report/mochawesome_06232021_142113.html", "HTML", 0, 0, 0, 0, 0, 0, 0, 0, 0, 0, 2, 0, 0, 2
"/Users/katanyoo/Infiltech/Projects/CargoLink/CargoLink-Backoffice/cypress/report/mochawesome-report/mochawesome_06232021_142113.json", "JSON", 0, 0, 0, 0, 110, 0, 0, 0, 0, 0, 0, 0, 0, 110
"/Users/katanyoo/Infiltech/Projects/CargoLink/CargoLink-Backoffice/cypress/report/mochawesome-report/mochawesome_06232021_142134.html", "HTML", 0, 0, 0, 0, 0, 0, 0, 0, 0, 0, 2, 0, 0, 2
"/Users/katanyoo/Infiltech/Projects/CargoLink/CargoLink-Backoffice/cypress/report/mochawesome-report/mochawesome_06232021_142134.json", "JSON", 0, 0, 0, 0, 110, 0, 0, 0, 0, 0, 0, 0, 0, 110
"/Users/katanyoo/Infiltech/Projects/CargoLink/CargoLink-Backoffice/cypress/report/mochawesome-report/mochawesome_06232021_142203.html", "HTML", 0, 0, 0, 0, 0, 0, 0, 0, 0, 0, 2, 0, 0, 2
"/Users/katanyoo/Infiltech/Projects/CargoLink/CargoLink-Backoffice/cypress/report/mochawesome-report/mochawesome_06232021_142203.json", "JSON", 0, 0, 0, 0, 110, 0, 0, 0, 0, 0, 0, 0, 0, 110
"/Users/katanyoo/Infiltech/Projects/CargoLink/CargoLink-Backoffice/cypress/report/mochawesome-report/mochawesome_06232021_142221.html", "HTML", 0, 0, 0, 0, 0, 0, 0, 0, 0, 0, 2, 0, 0, 2
"/Users/katanyoo/Infiltech/Projects/CargoLink/CargoLink-Backoffice/cypress/report/mochawesome-report/mochawesome_06232021_142221.json", "JSON", 0, 0, 0, 0, 130, 0, 0, 0, 0, 0, 0, 0, 0, 130
"/Users/katanyoo/Infiltech/Projects/CargoLink/CargoLink-Backoffice/cypress/report/mochawesome-report/mochawesome_06232021_142242.html", "HTML", 0, 0, 0, 0, 0, 0, 0, 0, 0, 0, 2, 0, 0, 2
"/Users/katanyoo/Infiltech/Projects/CargoLink/CargoLink-Backoffice/cypress/report/mochawesome-report/mochawesome_06232021_142242.json", "JSON", 0, 0, 0, 0, 110, 0, 0, 0, 0, 0, 0, 0, 0, 110
"/Users/katanyoo/Infiltech/Projects/CargoLink/CargoLink-Backoffice/cypress/report/mochawesome-report/mochawesome_06232021_142305.html", "HTML", 0, 0, 0, 0, 0, 0, 0, 0, 0, 0, 2, 0, 0, 2
"/Users/katanyoo/Infiltech/Projects/CargoLink/CargoLink-Backoffice/cypress/report/mochawesome-report/mochawesome_06232021_142305.json", "JSON", 0, 0, 0, 0, 110, 0, 0, 0, 0, 0, 0, 0, 0, 110
"/Users/katanyoo/Infiltech/Projects/CargoLink/CargoLink-Backoffice/cypress/report/mochawesome-report/mochawesome_06232021_142333.html", "HTML", 0, 0, 0, 0, 0, 0, 0, 0, 0, 0, 2, 0, 0, 2
"/Users/katanyoo/Infiltech/Projects/CargoLink/CargoLink-Backoffice/cypress/report/mochawesome-report/mochawesome_06232021_142333.json", "JSON", 0, 0, 0, 0, 206, 0, 0, 0, 0, 0, 0, 0, 0, 206
"/Users/katanyoo/Infiltech/Projects/CargoLink/CargoLink-Backoffice/cypress/report/mochawesome-report/mochawesome_06232021_142358.html", "HTML", 0, 0, 0, 0, 0, 0, 0, 0, 0, 0, 2, 0, 0, 2
"/Users/katanyoo/Infiltech/Projects/CargoLink/CargoLink-Backoffice/cypress/report/mochawesome-report/mochawesome_06232021_142358.json", "JSON", 0, 0, 0, 0, 110, 0, 0, 0, 0, 0, 0, 0, 0, 110
"/Users/katanyoo/Infiltech/Projects/CargoLink/CargoLink-Backoffice/cypress/report/mochawesome-report/mochawesome_06232021_142423.html", "HTML", 0, 0, 0, 0, 0, 0, 0, 0, 0, 0, 2, 0, 0, 2
"/Users/katanyoo/Infiltech/Projects/CargoLink/CargoLink-Backoffice/cypress/report/mochawesome-report/mochawesome_06232021_142423.json", "JSON", 0, 0, 0, 0, 110, 0, 0, 0, 0, 0, 0, 0, 0, 110
"/Users/katanyoo/Infiltech/Projects/CargoLink/CargoLink-Backoffice/cypress/report/mochawesome-report/mochawesome_06232021_142511.html", "HTML", 0, 0, 0, 0, 0, 0, 0, 0, 0, 0, 2, 0, 0, 2
"/Users/katanyoo/Infiltech/Projects/CargoLink/CargoLink-Backoffice/cypress/report/mochawesome-report/mochawesome_06232021_142511.json", "JSON", 0, 0, 0, 0, 110, 0, 0, 0, 0, 0, 0, 0, 0, 110
"/Users/katanyoo/Infiltech/Projects/CargoLink/CargoLink-Backoffice/cypress/report/mochawesome-report/mochawesome_12252020_160126.html", "HTML", 0, 0, 0, 0, 0, 0, 0, 0, 0, 0, 2, 0, 0, 2
"/Users/katanyoo/Infiltech/Projects/CargoLink/CargoLink-Backoffice/cypress/report/mochawesome-report/mochawesome_12252020_160126.json", "JSON", 0, 0, 0, 0, 106, 0, 0, 0, 0, 0, 0, 0, 0, 106
"/Users/katanyoo/Infiltech/Projects/CargoLink/CargoLink-Backoffice/cypress/report/mochawesome-report/mochawesome_12252020_160224.html", "HTML", 0, 0, 0, 0, 0, 0, 0, 0, 0, 0, 2, 0, 0, 2
"/Users/katanyoo/Infiltech/Projects/CargoLink/CargoLink-Backoffice/cypress/report/mochawesome-report/mochawesome_12252020_160224.json", "JSON", 0, 0, 0, 0, 106, 0, 0, 0, 0, 0, 0, 0, 0, 106
"/Users/katanyoo/Infiltech/Projects/CargoLink/CargoLink-Backoffice/cypress/report/mochawesome-report/mochawesome_12252020_160301.html", "HTML", 0, 0, 0, 0, 0, 0, 0, 0, 0, 0, 2, 0, 0, 2
"/Users/katanyoo/Infiltech/Projects/CargoLink/CargoLink-Backoffice/cypress/report/mochawesome-report/mochawesome_12252020_160301.json", "JSON", 0, 0, 0, 0, 106, 0, 0, 0, 0, 0, 0, 0, 0, 106
"/Users/katanyoo/Infiltech/Projects/CargoLink/CargoLink-Backoffice/cypress/report/mochawesome-report/mochawesome_12252020_160428.html", "HTML", 0, 0, 0, 0, 0, 0, 0, 0, 0, 0, 2, 0, 0, 2
"/Users/katanyoo/Infiltech/Projects/CargoLink/CargoLink-Backoffice/cypress/report/mochawesome-report/mochawesome_12252020_160428.json", "JSON", 0, 0, 0, 0, 201, 0, 0, 0, 0, 0, 0, 0, 0, 201
"/Users/katanyoo/Infiltech/Projects/CargoLink/CargoLink-Backoffice/cypress/report/mochawesome-report/mochawesome_12252020_160512.html", "HTML", 0, 0, 0, 0, 0, 0, 0, 0, 0, 0, 2, 0, 0, 2
"/Users/katanyoo/Infiltech/Projects/CargoLink/CargoLink-Backoffice/cypress/report/mochawesome-report/mochawesome_12252020_160512.json", "JSON", 0, 0, 0, 0, 106, 0, 0, 0, 0, 0, 0, 0, 0, 106
"/Users/katanyoo/Infiltech/Projects/CargoLink/CargoLink-Backoffice/cypress/report/mochawesome-report/mochawesome_12252020_160557.html", "HTML", 0, 0, 0, 0, 0, 0, 0, 0, 0, 0, 2, 0, 0, 2
"/Users/katanyoo/Infiltech/Projects/CargoLink/CargoLink-Backoffice/cypress/report/mochawesome-report/mochawesome_12252020_160557.json", "JSON", 0, 0, 0, 0, 106, 0, 0, 0, 0, 0, 0, 0, 0, 106
"/Users/katanyoo/Infiltech/Projects/CargoLink/CargoLink-Backoffice/cypress/report/mochawesome-report/mochawesome_12252020_160719.html", "HTML", 0, 0, 0, 0, 0, 0, 0, 0, 0, 0, 2, 0, 0, 2
"/Users/katanyoo/Infiltech/Projects/CargoLink/CargoLink-Backoffice/cypress/report/mochawesome-report/mochawesome_12252020_160719.json", "JSON", 0, 0, 0, 0, 106, 0, 0, 0, 0, 0, 0, 0, 0, 106
"/Users/katanyoo/Infiltech/Projects/CargoLink/CargoLink-Backoffice/cypress/support/commands.js", "JavaScript", 0, 0, 0, 0, 0, 0, 0, 0, 0, 0, 0, 25, 1, 26
"/Users/katanyoo/Infiltech/Projects/CargoLink/CargoLink-Backoffice/cypress/support/index.js", "JavaScript", 0, 1, 0, 0, 0, 0, 0, 0, 0, 0, 0, 17, 3, 21
"/Users/katanyoo/Infiltech/Projects/CargoLink/CargoLink-Backoffice/gatsby-browser.js", "JavaScript", 0, 2, 0, 0, 0, 0, 0, 0, 0, 0, 0, 11, 3, 16
"/Users/katanyoo/Infiltech/Projects/CargoLink/CargoLink-Backoffice/gatsby-config.js", "JavaScript", 0, 83, 0, 0, 0, 0, 0, 0, 0, 0, 0, 14, 4, 101
"/Users/katanyoo/Infiltech/Projects/CargoLink/CargoLink-Backoffice/gatsby-node.js", "JavaScript", 0, 11, 0, 0, 0, 0, 0, 0, 0, 0, 0, 13, 9, 33
"/Users/katanyoo/Infiltech/Projects/CargoLink/CargoLink-Backoffice/gatsby-ssr.js", "JavaScript", 0, 4, 0, 0, 0, 0, 0, 0, 0, 0, 0, 28, 4, 36
"/Users/katanyoo/Infiltech/Projects/CargoLink/CargoLink-Backoffice/nginx.conf", "Properties", 0, 0, 0, 0, 0, 10, 0, 0, 0, 0, 0, 0, 3, 13
"/Users/katanyoo/Infiltech/Projects/CargoLink/CargoLink-Backoffice/package.json", "JSON", 0, 0, 0, 0, 154, 0, 0, 0, 0, 0, 0, 4, 0, 158
"/Users/katanyoo/Infiltech/Projects/CargoLink/CargoLink-Backoffice/src/Layouts/Header.tsx", "TypeScript React", 0, 0, 120, 0, 0, 0, 0, 0, 0, 0, 0, 12, 18, 150
"/Users/katanyoo/Infiltech/Projects/CargoLink/CargoLink-Backoffice/src/Layouts/Sidebar/ContextMenu/index.tsx", "TypeScript React", 0, 0, 48, 0, 0, 0, 0, 0, 0, 0, 0, 5, 5, 58
"/Users/katanyoo/Infiltech/Projects/CargoLink/CargoLink-Backoffice/src/Layouts/Sidebar/ContextMenu/style.ts", "TypeScript", 20, 0, 0, 0, 0, 0, 0, 0, 0, 0, 0, 0, 4, 24
"/Users/katanyoo/Infiltech/Projects/CargoLink/CargoLink-Backoffice/src/Layouts/Sidebar/Icon/defaultIcons.ts", "TypeScript", 46, 0, 0, 0, 0, 0, 0, 0, 0, 0, 0, 0, 1, 47
"/Users/katanyoo/Infiltech/Projects/CargoLink/CargoLink-Backoffice/src/Layouts/Sidebar/Icon/index.tsx", "TypeScript React", 0, 0, 52, 0, 0, 0, 0, 0, 0, 0, 0, 5, 7, 64
"/Users/katanyoo/Infiltech/Projects/CargoLink/CargoLink-Backoffice/src/Layouts/Sidebar/Icon/style.ts", "TypeScript", 16, 0, 0, 0, 0, 0, 0, 0, 0, 0, 0, 0, 2, 18
"/Users/katanyoo/Infiltech/Projects/CargoLink/CargoLink-Backoffice/src/Layouts/Sidebar/Layout/index.tsx", "TypeScript React", 0, 0, 131, 0, 0, 0, 0, 0, 0, 0, 0, 5, 17, 153
"/Users/katanyoo/Infiltech/Projects/CargoLink/CargoLink-Backoffice/src/Layouts/Sidebar/Layout/layout-context.ts", "TypeScript", 20, 0, 0, 0, 0, 0, 0, 0, 0, 0, 0, 1, 5, 26
"/Users/katanyoo/Infiltech/Projects/CargoLink/CargoLink-Backoffice/src/Layouts/Sidebar/Layout/style.ts", "TypeScript", 248, 0, 0, 0, 0, 0, 0, 0, 0, 0, 0, 5, 29, 282
"/Users/katanyoo/Infiltech/Projects/CargoLink/CargoLink-Backoffice/src/Layouts/Sidebar/Menu/index.tsx", "TypeScript React", 0, 0, 97, 0, 0, 0, 0, 0, 0, 0, 0, 5, 15, 117
"/Users/katanyoo/Infiltech/Projects/CargoLink/CargoLink-Backoffice/src/Layouts/Sidebar/Menu/item.tsx", "TypeScript React", 0, 0, 114, 0, 0, 0, 0, 0, 0, 0, 0, 5, 10, 129
"/Users/katanyoo/Infiltech/Projects/CargoLink/CargoLink-Backoffice/src/Layouts/Sidebar/Menu/style.ts", "TypeScript", 145, 0, 0, 0, 0, 0, 0, 0, 0, 0, 0, 5, 4, 154
"/Users/katanyoo/Infiltech/Projects/CargoLink/CargoLink-Backoffice/src/Layouts/Sidebar/PopoverLay/index.tsx", "TypeScript React", 0, 0, 104, 0, 0, 0, 0, 0, 0, 0, 0, 6, 13, 123
"/Users/katanyoo/Infiltech/Projects/CargoLink/CargoLink-Backoffice/src/Layouts/Sidebar/PopoverLay/style.ts", "TypeScript", 92, 0, 0, 0, 0, 0, 0, 0, 0, 0, 0, 0, 6, 98
"/Users/katanyoo/Infiltech/Projects/CargoLink/CargoLink-Backoffice/src/Layouts/Sidebar/Sidebar/index.tsx", "TypeScript React", 0, 0, 116, 0, 0, 0, 0, 0, 0, 0, 0, 5, 16, 137
"/Users/katanyoo/Infiltech/Projects/CargoLink/CargoLink-Backoffice/src/Layouts/Sidebar/Sidebar/style.ts", "TypeScript", 206, 0, 0, 0, 0, 0, 0, 0, 0, 0, 0, 5, 23, 234
"/Users/katanyoo/Infiltech/Projects/CargoLink/CargoLink-Backoffice/src/Layouts/Sidebar/breakpoints/index.ts", "TypeScript", 143, 0, 0, 0, 0, 0, 0, 0, 0, 0, 0, 5, 17, 165
"/Users/katanyoo/Infiltech/Projects/CargoLink/CargoLink-Backoffice/src/Layouts/Sidebar/index.tsx", "TypeScript React", 0, 0, 44, 0, 0, 0, 0, 0, 0, 0, 0, 13, 7, 64
"/Users/katanyoo/Infiltech/Projects/CargoLink/CargoLink-Backoffice/src/Layouts/Sidebar/types/index.ts", "TypeScript", 48, 0, 0, 0, 0, 0, 0, 0, 0, 0, 0, 5, 14, 67
"/Users/katanyoo/Infiltech/Projects/CargoLink/CargoLink-Backoffice/src/Layouts/Sidebar/utils/Shared.ts", "TypeScript", 58, 0, 0, 0, 0, 0, 0, 0, 0, 0, 0, 5, 8, 71
"/Users/katanyoo/Infiltech/Projects/CargoLink/CargoLink-Backoffice/src/Layouts/Sidebar/utils/index.ts", "TypeScript", 3, 0, 0, 0, 0, 0, 0, 0, 0, 0, 0, 0, 1, 4
"/Users/katanyoo/Infiltech/Projects/CargoLink/CargoLink-Backoffice/src/Layouts/Sidebar/utils/popoverPosition.ts", "TypeScript", 147, 0, 0, 0, 0, 0, 0, 0, 0, 0, 0, 5, 12, 164
"/Users/katanyoo/Infiltech/Projects/CargoLink/CargoLink-Backoffice/src/Layouts/Sidebar/utils/positionHelper.ts", "TypeScript", 53, 0, 0, 0, 0, 0, 0, 0, 0, 0, 0, 5, 7, 65
"/Users/katanyoo/Infiltech/Projects/CargoLink/CargoLink-Backoffice/src/Layouts/css/style.css", "CSS", 0, 0, 0, 167, 0, 0, 0, 0, 0, 0, 0, 11, 8, 186
"/Users/katanyoo/Infiltech/Projects/CargoLink/CargoLink-Backoffice/src/Layouts/empty-layout.tsx", "TypeScript React", 0, 0, 63, 0, 0, 0, 0, 0, 0, 0, 0, 4, 12, 79
"/Users/katanyoo/Infiltech/Projects/CargoLink/CargoLink-Backoffice/src/Layouts/index.tsx", "TypeScript React", 0, 0, 37, 0, 0, 0, 0, 0, 0, 0, 0, 2, 6, 45
"/Users/katanyoo/Infiltech/Projects/CargoLink/CargoLink-Backoffice/src/Layouts/main-layout.tsx", "TypeScript React", 0, 0, 98, 0, 0, 0, 0, 0, 0, 0, 0, 29, 18, 145
"/Users/katanyoo/Infiltech/Projects/CargoLink/CargoLink-Backoffice/src/Layouts/menu-item.ts", "TypeScript", 41, 0, 0, 0, 0, 0, 0, 0, 0, 0, 0, 21, 4, 66
"/Users/katanyoo/Infiltech/Projects/CargoLink/CargoLink-Backoffice/src/Layouts/parent-layout.tsx", "TypeScript React", 0, 0, 32, 0, 0, 0, 0, 0, 0, 0, 0, 2, 5, 39
"/Users/katanyoo/Infiltech/Projects/CargoLink/CargoLink-Backoffice/src/Layouts/primary-layout.tsx", "TypeScript React", 0, 0, 98, 0, 0, 0, 0, 0, 0, 0, 0, 3, 7, 108
"/Users/katanyoo/Infiltech/Projects/CargoLink/CargoLink-Backoffice/src/Layouts/simple-layout.ts", "TypeScript", 78, 0, 0, 0, 0, 0, 0, 0, 0, 0, 0, 0, 10, 88
"/Users/katanyoo/Infiltech/Projects/CargoLink/CargoLink-Backoffice/src/Layouts/themes.ts", "TypeScript", 18, 0, 0, 0, 0, 0, 0, 0, 0, 0, 0, 0, 3, 21
"/Users/katanyoo/Infiltech/Projects/CargoLink/CargoLink-Backoffice/src/Layouts/white-layout.tsx", "TypeScript React", 0, 0, 9, 0, 0, 0, 0, 0, 0, 0, 0, 0, 3, 12
"/Users/katanyoo/Infiltech/Projects/CargoLink/CargoLink-Backoffice/src/components/Auth/ChangePassword.tsx", "TypeScript React", 0, 0, 143, 0, 0, 0, 0, 0, 0, 0, 0, 27, 15, 185
"/Users/katanyoo/Infiltech/Projects/CargoLink/CargoLink-Backoffice/src/components/Auth/Socials.tsx", "TypeScript React", 0, 0, 34, 0, 0, 0, 0, 0, 0, 0, 0, 0, 3, 37
"/Users/katanyoo/Infiltech/Projects/CargoLink/CargoLink-Backoffice/src/components/Auth/index.tsx", "TypeScript React", 0, 0, 54, 0, 0, 0, 0, 0, 0, 0, 0, 0, 5, 59
"/Users/katanyoo/Infiltech/Projects/CargoLink/CargoLink-Backoffice/src/components/Carrier/Drivers/driver-for-approval.tsx", "TypeScript React", 0, 0, 91, 0, 0, 0, 0, 0, 0, 0, 0, 45, 10, 146
"/Users/katanyoo/Infiltech/Projects/CargoLink/CargoLink-Backoffice/src/components/Carrier/Drivers/dynamic-table/sample-data.tsx", "TypeScript React", 0, 0, 84, 0, 0, 0, 0, 0, 0, 0, 0, 3, 4, 91
"/Users/katanyoo/Infiltech/Projects/CargoLink/CargoLink-Backoffice/src/components/Carrier/Trucks/add-truck.tsx", "TypeScript React", 0, 0, 546, 0, 0, 0, 0, 0, 0, 0, 0, 18, 21, 585
"/Users/katanyoo/Infiltech/Projects/CargoLink/CargoLink-Backoffice/src/components/Carrier/Trucks/dynamic-table/sample-data.tsx", "TypeScript React", 0, 0, 69, 0, 0, 0, 0, 0, 0, 0, 0, 0, 4, 73
"/Users/katanyoo/Infiltech/Projects/CargoLink/CargoLink-Backoffice/src/components/Carrier/Trucks/image-upload.tsx", "TypeScript React", 0, 0, 92, 0, 0, 0, 0, 0, 0, 0, 0, 152, 11, 255
"/Users/katanyoo/Infiltech/Projects/CargoLink/CargoLink-Backoffice/src/components/Carrier/Trucks/truck-for-approval.tsx", "TypeScript React", 0, 0, 198, 0, 0, 0, 0, 0, 0, 0, 0, 7, 9, 214
"/Users/katanyoo/Infiltech/Projects/CargoLink/CargoLink-Backoffice/src/components/Carrier/Trucks/truck-form.tsx", "TypeScript React", 0, 0, 189, 0, 0, 0, 0, 0, 0, 0, 0, 7, 11, 207
"/Users/katanyoo/Infiltech/Projects/CargoLink/CargoLink-Backoffice/src/components/Carrier/Trucks/trucks-detail.tsx", "TypeScript React", 0, 0, 189, 0, 0, 0, 0, 0, 0, 0, 0, 28, 10, 227
"/Users/katanyoo/Infiltech/Projects/CargoLink/CargoLink-Backoffice/src/components/Carrier/carrier-account/carrier-account.tsx", "TypeScript React", 0, 0, 153, 0, 0, 0, 0, 0, 0, 0, 0, 23, 11, 187
"/Users/katanyoo/Infiltech/Projects/CargoLink/CargoLink-Backoffice/src/components/Carrier/carrier-account/dynamic-table/carriers.ts", "TypeScript", 191, 0, 0, 0, 0, 0, 0, 0, 0, 0, 0, 0, 1, 192
"/Users/katanyoo/Infiltech/Projects/CargoLink/CargoLink-Backoffice/src/components/Carrier/carrier-account/dynamic-table/sample-data.tsx", "TypeScript React", 0, 0, 130, 0, 0, 0, 0, 0, 0, 0, 0, 8, 7, 145
"/Users/katanyoo/Infiltech/Projects/CargoLink/CargoLink-Backoffice/src/components/SEO.tsx", "TypeScript React", 0, 0, 108, 0, 0, 0, 0, 0, 0, 0, 0, 0, 6, 114
"/Users/katanyoo/Infiltech/Projects/CargoLink/CargoLink-Backoffice/src/components/Themes/images.js", "JavaScript", 0, 50, 0, 0, 0, 0, 0, 0, 0, 0, 0, 1, 2, 53
"/Users/katanyoo/Infiltech/Projects/CargoLink/CargoLink-Backoffice/src/components/UploadButton/index.tsx", "TypeScript React", 0, 0, 28, 0, 0, 0, 0, 0, 0, 0, 0, 1, 5, 34
"/Users/katanyoo/Infiltech/Projects/CargoLink/CargoLink-Backoffice/src/components/alert-with-language/alert-with-language.tsx", "TypeScript React", 0, 0, 0, 0, 0, 0, 0, 0, 0, 0, 0, 72, 8, 80
"/Users/katanyoo/Infiltech/Projects/CargoLink/CargoLink-Backoffice/src/components/alert.js", "JavaScript", 0, 68, 0, 0, 0, 0, 0, 0, 0, 0, 0, 4, 8, 80
"/Users/katanyoo/Infiltech/Projects/CargoLink/CargoLink-Backoffice/src/components/auto-complete-typeahead/auto-complete-typeahead.props.ts", "TypeScript", 17, 0, 0, 0, 0, 0, 0, 0, 0, 0, 0, 0, 10, 27
"/Users/katanyoo/Infiltech/Projects/CargoLink/CargoLink-Backoffice/src/components/auto-complete-typeahead/auto-complete-typeahead.tsx", "TypeScript React", 0, 0, 116, 0, 0, 0, 0, 0, 0, 0, 0, 3, 14, 133
"/Users/katanyoo/Infiltech/Projects/CargoLink/CargoLink-Backoffice/src/components/auto-complete-typeahead/data.json", "JSON", 0, 0, 0, 0, 1, 0, 0, 0, 0, 0, 0, 0, 0, 1
"/Users/katanyoo/Infiltech/Projects/CargoLink/CargoLink-Backoffice/src/components/auto-complete-typeahead/finder.ts", "TypeScript", 68, 0, 0, 0, 0, 0, 0, 0, 0, 0, 0, 5, 13, 86
"/Users/katanyoo/Infiltech/Projects/CargoLink/CargoLink-Backoffice/src/components/auto-complete-typeahead/jqljs.ts", "TypeScript", 218, 0, 0, 0, 0, 0, 0, 0, 0, 0, 0, 11, 58, 287
"/Users/katanyoo/Infiltech/Projects/CargoLink/CargoLink-Backoffice/src/components/dashboard/chart-car-area/chart-area.tsx", "TypeScript React", 0, 0, 55, 0, 0, 0, 0, 0, 0, 0, 0, 12, 8, 75
"/Users/katanyoo/Infiltech/Projects/CargoLink/CargoLink-Backoffice/src/components/dashboard/chart-car-area/data.tsx", "TypeScript React", 0, 0, 97, 0, 0, 0, 0, 0, 0, 0, 0, 0, 2, 99
"/Users/katanyoo/Infiltech/Projects/CargoLink/CargoLink-Backoffice/src/components/dashboard/chart-car/chart-car.tsx", "TypeScript React", 0, 0, 15, 0, 0, 0, 0, 0, 0, 0, 0, 0, 2, 17
"/Users/katanyoo/Infiltech/Projects/CargoLink/CargoLink-Backoffice/src/components/dashboard/chart-car/data.tsx", "TypeScript React", 0, 0, 42, 0, 0, 0, 0, 0, 0, 0, 0, 0, 1, 43
"/Users/katanyoo/Infiltech/Projects/CargoLink/CargoLink-Backoffice/src/components/dashboard/chart-region/chart-region.tsx", "TypeScript React", 0, 0, 55, 0, 0, 0, 0, 0, 0, 0, 0, 9, 7, 71
"/Users/katanyoo/Infiltech/Projects/CargoLink/CargoLink-Backoffice/src/components/dashboard/chart-region/data.tsx", "TypeScript React", 0, 0, 241, 0, 0, 0, 0, 0, 0, 0, 0, 0, 2, 243
"/Users/katanyoo/Infiltech/Projects/CargoLink/CargoLink-Backoffice/src/components/form-edit/form-edit.props.ts", "TypeScript", 19, 0, 0, 0, 0, 0, 0, 0, 0, 0, 0, 0, 13, 32
"/Users/katanyoo/Infiltech/Projects/CargoLink/CargoLink-Backoffice/src/components/form-edit/form-edit.tsx", "TypeScript React", 0, 0, 146, 0, 0, 0, 0, 0, 0, 0, 0, 4, 17, 167
"/Users/katanyoo/Infiltech/Projects/CargoLink/CargoLink-Backoffice/src/components/google-map-with-search/client-config.js", "JavaScript", 0, 1, 0, 0, 0, 0, 0, 0, 0, 0, 0, 0, 1, 2
"/Users/katanyoo/Infiltech/Projects/CargoLink/CargoLink-Backoffice/src/components/google-map-with-search/google-map-with-search.tsx", "TypeScript React", 0, 0, 234, 0, 0, 0, 0, 0, 0, 0, 0, 62, 53, 349
"/Users/katanyoo/Infiltech/Projects/CargoLink/CargoLink-Backoffice/src/components/google-map-with-search/old-google-map-with-search.tsx", "TypeScript React", 0, 0, 256, 0, 0, 0, 0, 0, 0, 0, 0, 49, 9, 314
"/Users/katanyoo/Infiltech/Projects/CargoLink/CargoLink-Backoffice/src/components/google-map/google-map.tsx", "TypeScript React", 0, 0, 84, 0, 0, 0, 0, 0, 0, 0, 0, 8, 6, 98
"/Users/katanyoo/Infiltech/Projects/CargoLink/CargoLink-Backoffice/src/components/index.ts", "TypeScript", 3, 0, 0, 0, 0, 0, 0, 0, 0, 0, 0, 0, 1, 4
"/Users/katanyoo/Infiltech/Projects/CargoLink/CargoLink-Backoffice/src/components/language-menu.js", "JavaScript", 0, 70, 0, 0, 0, 0, 0, 0, 0, 0, 0, 0, 8, 78
"/Users/katanyoo/Infiltech/Projects/CargoLink/CargoLink-Backoffice/src/components/list-file/list-file.props.ts", "TypeScript", 7, 0, 0, 0, 0, 0, 0, 0, 0, 0, 0, 0, 5, 12
"/Users/katanyoo/Infiltech/Projects/CargoLink/CargoLink-Backoffice/src/components/list-file/list-file.tsx", "TypeScript React", 0, 0, 32, 0, 0, 0, 0, 0, 0, 0, 0, 0, 7, 39
"/Users/katanyoo/Infiltech/Projects/CargoLink/CargoLink-Backoffice/src/components/messages.ts", "TypeScript", 72, 0, 0, 0, 0, 0, 0, 0, 0, 0, 0, 0, 3, 75
"/Users/katanyoo/Infiltech/Projects/CargoLink/CargoLink-Backoffice/src/components/new-profile/about.tsx", "TypeScript React", 0, 0, 8, 0, 0, 0, 0, 0, 0, 0, 0, 1, 2, 11
"/Users/katanyoo/Infiltech/Projects/CargoLink/CargoLink-Backoffice/src/components/search-form.tsx", "TypeScript React", 0, 0, 51, 0, 0, 0, 0, 0, 0, 0, 0, 24, 7, 82
"/Users/katanyoo/Infiltech/Projects/CargoLink/CargoLink-Backoffice/src/components/shipper/job-container/add-jobs.tsx", "TypeScript React", 0, 0, 685, 0, 0, 0, 0, 0, 0, 0, 0, 12, 22, 719
"/Users/katanyoo/Infiltech/Projects/CargoLink/CargoLink-Backoffice/src/components/shipper/job-container/dynamic-table/sample-data.tsx", "TypeScript React", 0, 0, 153, 0, 0, 0, 0, 0, 0, 0, 0, 3, 6, 162
"/Users/katanyoo/Infiltech/Projects/CargoLink/CargoLink-Backoffice/src/components/shipper/job-container/job-container.tsx", "TypeScript React", 0, 0, 267, 0, 0, 0, 0, 0, 0, 0, 0, 16, 17, 300
"/Users/katanyoo/Infiltech/Projects/CargoLink/CargoLink-Backoffice/src/components/shipper/job-container/jobs-detail.tsx", "TypeScript React", 0, 0, 274, 0, 0, 0, 0, 0, 0, 0, 0, 7, 18, 299
"/Users/katanyoo/Infiltech/Projects/CargoLink/CargoLink-Backoffice/src/components/shipper/job-container/price-type-toggle.tsx", "TypeScript React", 0, 0, 96, 0, 0, 0, 0, 0, 0, 0, 0, 1, 11, 108
"/Users/katanyoo/Infiltech/Projects/CargoLink/CargoLink-Backoffice/src/components/shipper/shipper-account/dynamic-table/sample-data.tsx", "TypeScript React", 0, 0, 134, 0, 0, 0, 0, 0, 0, 0, 0, 11, 8, 153
"/Users/katanyoo/Infiltech/Projects/CargoLink/CargoLink-Backoffice/src/components/shipper/shipper-account/dynamic-table/shippers.ts", "TypeScript", 191, 0, 0, 0, 0, 0, 0, 0, 0, 0, 0, 0, 1, 192
"/Users/katanyoo/Infiltech/Projects/CargoLink/CargoLink-Backoffice/src/components/shipper/shipper-account/shipper-account.tsx", "TypeScript React", 0, 0, 129, 0, 0, 0, 0, 0, 0, 0, 0, 23, 11, 163
"/Users/katanyoo/Infiltech/Projects/CargoLink/CargoLink-Backoffice/src/components/simple-data.tsx", "TypeScript React", 0, 0, 35, 0, 0, 0, 0, 0, 0, 0, 0, 0, 4, 39
"/Users/katanyoo/Infiltech/Projects/CargoLink/CargoLink-Backoffice/src/components/text-span/preset.ts", "TypeScript", 44, 0, 0, 0, 0, 0, 0, 0, 0, 0, 0, 11, 6, 61
"/Users/katanyoo/Infiltech/Projects/CargoLink/CargoLink-Backoffice/src/components/text-span/text.tsx", "TypeScript React", 0, 0, 26, 0, 0, 0, 0, 0, 0, 0, 0, 0, 6, 32
"/Users/katanyoo/Infiltech/Projects/CargoLink/CargoLink-Backoffice/src/components/user-management/multi/add-user.tsx", "TypeScript React", 0, 0, 330, 0, 0, 0, 0, 0, 0, 0, 0, 7, 22, 359
"/Users/katanyoo/Infiltech/Projects/CargoLink/CargoLink-Backoffice/src/components/user-management/multi/dynamic-table/sample-data.tsx", "TypeScript React", 0, 0, 225, 0, 0, 0, 0, 0, 0, 0, 0, 2, 8, 235
"/Users/katanyoo/Infiltech/Projects/CargoLink/CargoLink-Backoffice/src/components/user-management/multi/edit-user.tsx", "TypeScript React", 0, 0, 625, 0, 0, 0, 0, 0, 0, 0, 0, 270, 70, 965
"/Users/katanyoo/Infiltech/Projects/CargoLink/CargoLink-Backoffice/src/components/user-management/multi/multiple-role.tsx", "TypeScript React", 0, 0, 186, 0, 0, 0, 0, 0, 0, 0, 0, 21, 20, 227
"/Users/katanyoo/Infiltech/Projects/CargoLink/CargoLink-Backoffice/src/components/user-upload/index.tsx", "TypeScript React", 0, 0, 191, 0, 0, 0, 0, 0, 0, 0, 0, 0, 13, 204
"/Users/katanyoo/Infiltech/Projects/CargoLink/CargoLink-Backoffice/src/i18n/config.js", "JavaScript", 0, 31, 0, 0, 0, 0, 0, 0, 0, 0, 0, 0, 4, 35
"/Users/katanyoo/Infiltech/Projects/CargoLink/CargoLink-Backoffice/src/i18n/withTrans.js", "JavaScript", 0, 15, 0, 0, 0, 0, 0, 0, 0, 0, 0, 0, 2, 17
"/Users/katanyoo/Infiltech/Projects/CargoLink/CargoLink-Backoffice/src/images/Vector.svg", "XML", 0, 0, 0, 0, 0, 0, 3, 0, 0, 0, 0, 0, 1, 4
"/Users/katanyoo/Infiltech/Projects/CargoLink/CargoLink-Backoffice/src/locales/en/changePassword.json", "JSON", 0, 0, 0, 0, 8, 0, 0, 0, 0, 0, 0, 0, 0, 8
"/Users/katanyoo/Infiltech/Projects/CargoLink/CargoLink-Backoffice/src/locales/en/documentStatus.json", "JSON", 0, 0, 0, 0, 6, 0, 0, 0, 0, 0, 0, 0, 0, 6
"/Users/katanyoo/Infiltech/Projects/CargoLink/CargoLink-Backoffice/src/locales/en/resetPassword.json", "JSON", 0, 0, 0, 0, 6, 0, 0, 0, 0, 0, 0, 0, 0, 6
"/Users/katanyoo/Infiltech/Projects/CargoLink/CargoLink-Backoffice/src/locales/en/translations.json", "JSON", 0, 0, 0, 0, 166, 0, 0, 0, 0, 0, 0, 0, 1, 167
"/Users/katanyoo/Infiltech/Projects/CargoLink/CargoLink-Backoffice/src/locales/en/userStatus.json", "JSON", 0, 0, 0, 0, 4, 0, 0, 0, 0, 0, 0, 0, 0, 4
"/Users/katanyoo/Infiltech/Projects/CargoLink/CargoLink-Backoffice/src/locales/th/changePassword.json", "JSON", 0, 0, 0, 0, 8, 0, 0, 0, 0, 0, 0, 0, 0, 8
"/Users/katanyoo/Infiltech/Projects/CargoLink/CargoLink-Backoffice/src/locales/th/documentStatus.json", "JSON", 0, 0, 0, 0, 6, 0, 0, 0, 0, 0, 0, 0, 0, 6
"/Users/katanyoo/Infiltech/Projects/CargoLink/CargoLink-Backoffice/src/locales/th/resetPassword.json", "JSON", 0, 0, 0, 0, 7, 0, 0, 0, 0, 0, 0, 0, 1, 8
"/Users/katanyoo/Infiltech/Projects/CargoLink/CargoLink-Backoffice/src/locales/th/translations.json", "JSON", 0, 0, 0, 0, 167, 0, 0, 0, 0, 0, 0, 0, 1, 168
"/Users/katanyoo/Infiltech/Projects/CargoLink/CargoLink-Backoffice/src/locales/th/userStatus.json", "JSON", 0, 0, 0, 0, 4, 0, 0, 0, 0, 0, 0, 0, 0, 4
"/Users/katanyoo/Infiltech/Projects/CargoLink/CargoLink-Backoffice/src/models/Cart.test.ts", "TypeScript", 103, 0, 0, 0, 0, 0, 0, 0, 0, 0, 0, 0, 23, 126
"/Users/katanyoo/Infiltech/Projects/CargoLink/CargoLink-Backoffice/src/models/Cart.ts", "TypeScript", 49, 0, 0, 0, 0, 0, 0, 0, 0, 0, 0, 0, 4, 53
"/Users/katanyoo/Infiltech/Projects/CargoLink/CargoLink-Backoffice/src/models/Counter.test.ts", "TypeScript", 20, 0, 0, 0, 0, 0, 0, 0, 0, 0, 0, 0, 5, 25
"/Users/katanyoo/Infiltech/Projects/CargoLink/CargoLink-Backoffice/src/models/Counter.ts", "TypeScript", 13, 0, 0, 0, 0, 0, 0, 0, 0, 0, 0, 0, 2, 15
"/Users/katanyoo/Infiltech/Projects/CargoLink/CargoLink-Backoffice/src/models/Root.ts", "TypeScript", 36, 0, 0, 0, 0, 0, 0, 0, 0, 0, 0, 0, 9, 45
"/Users/katanyoo/Infiltech/Projects/CargoLink/CargoLink-Backoffice/src/pages/404.tsx", "TypeScript React", 0, 0, 40, 0, 0, 0, 0, 0, 0, 0, 0, 0, 3, 43
"/Users/katanyoo/Infiltech/Projects/CargoLink/CargoLink-Backoffice/src/pages/auth/login.tsx", "TypeScript React", 0, 0, 150, 0, 0, 0, 0, 0, 0, 0, 0, 116, 21, 287
"/Users/katanyoo/Infiltech/Projects/CargoLink/CargoLink-Backoffice/src/pages/auth/register.tsx", "TypeScript React", 0, 0, 45, 0, 0, 0, 0, 0, 0, 0, 0, 1, 4, 50
"/Users/katanyoo/Infiltech/Projects/CargoLink/CargoLink-Backoffice/src/pages/auth/request-password.tsx", "TypeScript React", 0, 0, 100, 0, 0, 0, 0, 0, 0, 0, 0, 29, 13, 142
"/Users/katanyoo/Infiltech/Projects/CargoLink/CargoLink-Backoffice/src/pages/auth/reset-password.tsx", "TypeScript React", 0, 0, 12, 0, 0, 0, 0, 0, 0, 0, 0, 0, 3, 15
"/Users/katanyoo/Infiltech/Projects/CargoLink/CargoLink-Backoffice/src/pages/carrier-account.tsx", "TypeScript React", 0, 0, 6, 0, 0, 0, 0, 0, 0, 0, 0, 0, 2, 8
"/Users/katanyoo/Infiltech/Projects/CargoLink/CargoLink-Backoffice/src/pages/dashboard.tsx", "TypeScript React", 0, 0, 28, 0, 0, 0, 0, 0, 0, 0, 0, 4, 3, 35
"/Users/katanyoo/Infiltech/Projects/CargoLink/CargoLink-Backoffice/src/pages/drivers.tsx", "TypeScript React", 0, 0, 8, 0, 0, 0, 0, 0, 0, 0, 0, 0, 2, 10
"/Users/katanyoo/Infiltech/Projects/CargoLink/CargoLink-Backoffice/src/pages/index.tsx", "TypeScript React", 0, 0, 16, 0, 0, 0, 0, 0, 0, 0, 0, 8, 8, 32
"/Users/katanyoo/Infiltech/Projects/CargoLink/CargoLink-Backoffice/src/pages/job-detail.tsx", "TypeScript React", 0, 0, 6, 0, 0, 0, 0, 0, 0, 0, 0, 0, 2, 8
"/Users/katanyoo/Infiltech/Projects/CargoLink/CargoLink-Backoffice/src/pages/job-status.tsx", "TypeScript React", 0, 0, 6, 0, 0, 0, 0, 0, 0, 0, 0, 0, 2, 8
"/Users/katanyoo/Infiltech/Projects/CargoLink/CargoLink-Backoffice/src/pages/jobs/add.tsx", "TypeScript React", 0, 0, 6, 0, 0, 0, 0, 0, 0, 0, 0, 0, 2, 8
"/Users/katanyoo/Infiltech/Projects/CargoLink/CargoLink-Backoffice/src/pages/jobs/index.tsx", "TypeScript React", 0, 0, 6, 0, 0, 0, 0, 0, 0, 0, 0, 0, 2, 8
"/Users/katanyoo/Infiltech/Projects/CargoLink/CargoLink-Backoffice/src/pages/profile.tsx", "TypeScript React", 0, 0, 13, 0, 0, 0, 0, 0, 0, 0, 0, 0, 2, 15
"/Users/katanyoo/Infiltech/Projects/CargoLink/CargoLink-Backoffice/src/pages/settings.tsx", "TypeScript React", 0, 0, 42, 0, 0, 0, 0, 0, 0, 0, 0, 0, 8, 50
"/Users/katanyoo/Infiltech/Projects/CargoLink/CargoLink-Backoffice/src/pages/shipper-account.tsx", "TypeScript React", 0, 0, 6, 0, 0, 0, 0, 0, 0, 0, 0, 0, 2, 8
"/Users/katanyoo/Infiltech/Projects/CargoLink/CargoLink-Backoffice/src/pages/test-map.tsx", "TypeScript React", 0, 0, 23, 0, 0, 0, 0, 0, 0, 0, 0, 3, 3, 29
"/Users/katanyoo/Infiltech/Projects/CargoLink/CargoLink-Backoffice/src/pages/truck-detail.tsx", "TypeScript React", 0, 0, 6, 0, 0, 0, 0, 0, 0, 0, 0, 0, 2, 8
"/Users/katanyoo/Infiltech/Projects/CargoLink/CargoLink-Backoffice/src/pages/user-management.tsx", "TypeScript React", 0, 0, 8, 0, 0, 0, 0, 0, 0, 0, 0, 0, 2, 10
"/Users/katanyoo/Infiltech/Projects/CargoLink/CargoLink-Backoffice/src/pages/user-management/user.tsx", "TypeScript React", 0, 0, 10, 0, 0, 0, 0, 0, 0, 0, 0, 0, 3, 13
"/Users/katanyoo/Infiltech/Projects/CargoLink/CargoLink-Backoffice/src/pages/user/upload.tsx", "TypeScript React", 0, 0, 12, 0, 0, 0, 0, 0, 0, 0, 0, 0, 4, 16
"/Users/katanyoo/Infiltech/Projects/CargoLink/CargoLink-Backoffice/src/pages/vehicles/add.tsx", "TypeScript React", 0, 0, 6, 0, 0, 0, 0, 0, 0, 0, 0, 0, 2, 8
"/Users/katanyoo/Infiltech/Projects/CargoLink/CargoLink-Backoffice/src/pages/vehicles/index.tsx", "TypeScript React", 0, 0, 12, 0, 0, 0, 0, 0, 0, 0, 0, 0, 2, 14
"/Users/katanyoo/Infiltech/Projects/CargoLink/CargoLink-Backoffice/src/services/api-integrations/excute-api.js", "JavaScript", 0, 35, 0, 0, 0, 0, 0, 0, 0, 0, 0, 0, 4, 39
"/Users/katanyoo/Infiltech/Projects/CargoLink/CargoLink-Backoffice/src/services/api-integrations/header.js", "JavaScript", 0, 34, 0, 0, 0, 0, 0, 0, 0, 0, 0, 21, 5, 60
"/Users/katanyoo/Infiltech/Projects/CargoLink/CargoLink-Backoffice/src/services/carrier-api.js", "JavaScript", 0, 28, 0, 0, 0, 0, 0, 0, 0, 0, 0, 0, 6, 34
"/Users/katanyoo/Infiltech/Projects/CargoLink/CargoLink-Backoffice/src/services/index.js", "JavaScript", 0, 8, 0, 0, 0, 0, 0, 0, 0, 0, 0, 0, 2, 10
"/Users/katanyoo/Infiltech/Projects/CargoLink/CargoLink-Backoffice/src/services/login-api.ts", "TypeScript", 42, 0, 0, 0, 0, 0, 0, 0, 0, 0, 0, 0, 8, 50
"/Users/katanyoo/Infiltech/Projects/CargoLink/CargoLink-Backoffice/src/services/master-type-api.js", "JavaScript", 0, 12, 0, 0, 0, 0, 0, 0, 0, 0, 0, 0, 1, 13
"/Users/katanyoo/Infiltech/Projects/CargoLink/CargoLink-Backoffice/src/services/password-api.ts", "TypeScript", 23, 0, 0, 0, 0, 0, 0, 0, 0, 0, 0, 0, 5, 28
"/Users/katanyoo/Infiltech/Projects/CargoLink/CargoLink-Backoffice/src/services/shipper-api.js", "JavaScript", 0, 24, 0, 0, 0, 0, 0, 0, 0, 0, 0, 0, 3, 27
"/Users/katanyoo/Infiltech/Projects/CargoLink/CargoLink-Backoffice/src/services/upload-api.ts", "TypeScript", 39, 0, 0, 0, 0, 0, 0, 0, 0, 0, 0, 0, 8, 47
"/Users/katanyoo/Infiltech/Projects/CargoLink/CargoLink-Backoffice/src/services/upload-file-api.js", "JavaScript", 0, 8, 0, 0, 0, 0, 0, 0, 0, 0, 0, 0, 1, 9
"/Users/katanyoo/Infiltech/Projects/CargoLink/CargoLink-Backoffice/src/services/user-api.ts", "TypeScript", 77, 0, 0, 0, 0, 0, 0, 0, 0, 0, 0, 0, 7, 84
"/Users/katanyoo/Infiltech/Projects/CargoLink/CargoLink-Backoffice/src/stores/carrier-store.ts", "TypeScript", 294, 0, 0, 0, 0, 0, 0, 0, 0, 0, 0, 27, 22, 343
"/Users/katanyoo/Infiltech/Projects/CargoLink/CargoLink-Backoffice/src/stores/login-store.ts", "TypeScript", 115, 0, 0, 0, 0, 0, 0, 0, 0, 0, 0, 1, 9, 125
"/Users/katanyoo/Infiltech/Projects/CargoLink/CargoLink-Backoffice/src/stores/master-type-store.ts", "TypeScript", 81, 0, 0, 0, 0, 0, 0, 0, 0, 0, 0, 0, 7, 88
"/Users/katanyoo/Infiltech/Projects/CargoLink/CargoLink-Backoffice/src/stores/password-change-store.ts", "TypeScript", 39, 0, 0, 0, 0, 0, 0, 0, 0, 0, 0, 0, 5, 44
"/Users/katanyoo/Infiltech/Projects/CargoLink/CargoLink-Backoffice/src/stores/password-reset-store.ts", "TypeScript", 45, 0, 0, 0, 0, 0, 0, 0, 0, 0, 0, 0, 4, 49
"/Users/katanyoo/Infiltech/Projects/CargoLink/CargoLink-Backoffice/src/stores/root-store.ts", "TypeScript", 89, 0, 0, 0, 0, 0, 0, 0, 0, 0, 0, 0, 9, 98
"/Users/katanyoo/Infiltech/Projects/CargoLink/CargoLink-Backoffice/src/stores/shipper-store.ts", "TypeScript", 251, 0, 0, 0, 0, 0, 0, 0, 0, 0, 0, 38, 21, 310
"/Users/katanyoo/Infiltech/Projects/CargoLink/CargoLink-Backoffice/src/stores/upload-file-store.ts", "TypeScript", 53, 0, 0, 0, 0, 0, 0, 0, 0, 0, 0, 0, 4, 57
"/Users/katanyoo/Infiltech/Projects/CargoLink/CargoLink-Backoffice/src/stores/upload-image-store.ts", "TypeScript", 66, 0, 0, 0, 0, 0, 0, 0, 0, 0, 0, 0, 6, 72
"/Users/katanyoo/Infiltech/Projects/CargoLink/CargoLink-Backoffice/src/stores/user-store.ts", "TypeScript", 156, 0, 0, 0, 0, 0, 0, 0, 0, 0, 0, 1, 9, 166
"/Users/katanyoo/Infiltech/Projects/CargoLink/CargoLink-Backoffice/src/styled.d.ts", "TypeScript", 10, 0, 0, 0, 0, 0, 0, 0, 0, 0, 0, 0, 1, 11
"/Users/katanyoo/Infiltech/Projects/CargoLink/CargoLink-Backoffice/src/styles/normalize.css", "CSS", 0, 0, 0, 150, 0, 0, 0, 0, 0, 0, 0, 131, 76, 357
"/Users/katanyoo/Infiltech/Projects/CargoLink/CargoLink-Backoffice/src/theme/ui/component.js", "JavaScript", 0, 5, 0, 0, 0, 0, 0, 0, 0, 0, 0, 0, 1, 6
"/Users/katanyoo/Infiltech/Projects/CargoLink/CargoLink-Backoffice/src/theme/ui/index.js", "JavaScript", 0, 7, 0, 0, 0, 0, 0, 0, 0, 0, 0, 0, 2, 9
"/Users/katanyoo/Infiltech/Projects/CargoLink/CargoLink-Backoffice/src/utils.ts", "TypeScript", 53, 0, 0, 0, 0, 0, 0, 0, 0, 0, 0, 0, 6, 59
"/Users/katanyoo/Infiltech/Projects/CargoLink/CargoLink-Backoffice/static/skins/content/default/content.css", "CSS", 0, 0, 0, 38, 0, 0, 0, 0, 0, 0, 0, 6, 0, 44
"/Users/katanyoo/Infiltech/Projects/CargoLink/CargoLink-Backoffice/static/skins/content/default/content.min.css", "CSS", 0, 0, 0, 1, 0, 0, 0, 0, 0, 0, 0, 7, 1, 9
"/Users/katanyoo/Infiltech/Projects/CargoLink/CargoLink-Backoffice/static/skins/content/document/content.css", "CSS", 0, 0, 0, 42, 0, 0, 0, 0, 0, 0, 0, 6, 0, 48
"/Users/katanyoo/Infiltech/Projects/CargoLink/CargoLink-Backoffice/static/skins/content/document/content.min.css", "CSS", 0, 0, 0, 1, 0, 0, 0, 0, 0, 0, 0, 7, 1, 9
"/Users/katanyoo/Infiltech/Projects/CargoLink/CargoLink-Backoffice/static/skins/content/writer/content.css", "CSS", 0, 0, 0, 39, 0, 0, 0, 0, 0, 0, 0, 6, 0, 45
"/Users/katanyoo/Infiltech/Projects/CargoLink/CargoLink-Backoffice/static/skins/content/writer/content.min.css", "CSS", 0, 0, 0, 1, 0, 0, 0, 0, 0, 0, 0, 7, 1, 9
"/Users/katanyoo/Infiltech/Projects/CargoLink/CargoLink-Backoffice/static/skins/ui/oxide-dark/content.css", "CSS", 0, 0, 0, 538, 0, 0, 0, 0, 0, 0, 0, 16, 1, 555
"/Users/katanyoo/Infiltech/Projects/CargoLink/CargoLink-Backoffice/static/skins/ui/oxide-dark/content.inline.css", "CSS", 0, 0, 0, 546, 0, 0, 0, 0, 0, 0, 0, 16, 1, 563
"/Users/katanyoo/Infiltech/Projects/CargoLink/CargoLink-Backoffice/static/skins/ui/oxide-dark/content.inline.min.css", "CSS", 0, 0, 0, 1, 0, 0, 0, 0, 0, 0, 0, 7, 1, 9
"/Users/katanyoo/Infiltech/Projects/CargoLink/CargoLink-Backoffice/static/skins/ui/oxide-dark/content.min.css", "CSS", 0, 0, 0, 1, 0, 0, 0, 0, 0, 0, 0, 7, 1, 9
"/Users/katanyoo/Infiltech/Projects/CargoLink/CargoLink-Backoffice/static/skins/ui/oxide-dark/skin.css", "CSS", 0, 0, 0, 2146, 0, 0, 0, 0, 0, 0, 0, 13, 1, 2160
"/Users/katanyoo/Infiltech/Projects/CargoLink/CargoLink-Backoffice/static/skins/ui/oxide-dark/skin.min.css", "CSS", 0, 0, 0, 1, 0, 0, 0, 0, 0, 0, 0, 7, 1, 9
"/Users/katanyoo/Infiltech/Projects/CargoLink/CargoLink-Backoffice/static/skins/ui/oxide/content.css", "CSS", 0, 0, 0, 538, 0, 0, 0, 0, 0, 0, 0, 16, 1, 555
"/Users/katanyoo/Infiltech/Projects/CargoLink/CargoLink-Backoffice/static/skins/ui/oxide/content.inline.css", "CSS", 0, 0, 0, 546, 0, 0, 0, 0, 0, 0, 0, 16, 1, 563
"/Users/katanyoo/Infiltech/Projects/CargoLink/CargoLink-Backoffice/static/skins/ui/oxide/content.inline.min.css", "CSS", 0, 0, 0, 1, 0, 0, 0, 0, 0, 0, 0, 7, 1, 9
"/Users/katanyoo/Infiltech/Projects/CargoLink/CargoLink-Backoffice/static/skins/ui/oxide/content.min.css", "CSS", 0, 0, 0, 1, 0, 0, 0, 0, 0, 0, 0, 7, 1, 9
"/Users/katanyoo/Infiltech/Projects/CargoLink/CargoLink-Backoffice/static/skins/ui/oxide/content.mobile.min.css", "CSS", 0, 0, 0, 1, 0, 0, 0, 0, 0, 0, 0, 0, 0, 1
"/Users/katanyoo/Infiltech/Projects/CargoLink/CargoLink-Backoffice/static/skins/ui/oxide/fonts/fonts.css", "CSS", 0, 0, 0, 8, 0, 0, 0, 0, 0, 0, 0, 0, 1, 9
"/Users/katanyoo/Infiltech/Projects/CargoLink/CargoLink-Backoffice/static/skins/ui/oxide/skin.css", "CSS", 0, 0, 0, 2146, 0, 0, 0, 0, 0, 0, 0, 13, 1, 2160
"/Users/katanyoo/Infiltech/Projects/CargoLink/CargoLink-Backoffice/static/skins/ui/oxide/skin.min.css", "CSS", 0, 0, 0, 1, 0, 0, 0, 0, 0, 0, 0, 7, 1, 9
"/Users/katanyoo/Infiltech/Projects/CargoLink/CargoLink-Backoffice/static/skins/ui/oxide/skin.mobile.min.css", "CSS", 0, 0, 0, 1, 0, 0, 0, 0, 0, 0, 0, 1, 0, 2
"/Users/katanyoo/Infiltech/Projects/CargoLink/CargoLink-Backoffice/static/slack.svg", "XML", 0, 0, 0, 0, 0, 0, 1, 0, 0, 0, 0, 0, 0, 1
"/Users/katanyoo/Infiltech/Projects/CargoLink/CargoLink-Backoffice/tsconfig.json", "JSON", 0, 0, 0, 0, 25, 0, 0, 0, 0, 0, 0, 0, 1, 26
"Total", "-", 3866, 21315, 8626, 6928, 2675, 10, 4, 20, 35, 13, 34, 1925, 1480, 46931